{
    "metrics": {
        "append_dimensions": {
            "AutoScalingGroupName": "${aws:AutoScalingGroupName}",
            "InstanceId":"${aws:InstanceId}"

    },
    "aggregation_dimensions" : [["AutoScalingGroupName"]],
        "metrics_collected": {
            "procstat": [
                {
                    "pattern": "murex.mxres.fs.fileserver.mxres",
                    "measurement": [
                        "cpu_usage",
                        "memory_rss",
                        "pid"
                    ]
                }, 
                {
                    "pattern": "MXJ_HUB_NAME",
                    "measurement": [
                        "cpu_usage",
                        "memory_rss",
                        "pid"
                    ]
                }, 
                {
                    "pattern": "public.mxres.common.launcherall.mxres",
                    "measurement": [
                        "cpu_usage",
                        "memory_rss",
                        "pid"
                    ]
                },
                {
                    "pattern": "murex.mxres.common.launchermandatory.mxres",
                    "measurement": [
                        "cpu_usage",
                        "memory_rss",
                        "pid"
                    ]
                },
                {
                    "pattern": "public.mxres.common.launcherwarehouse.mxres",
                    "measurement": [
                        "cpu_usage",
                        "memory_rss",
                        "pid"
                    ]
                },
                {
                    "pattern": "hub_madrid.site1",
                    "measurement": [
                        "cpu_usage",
                        "memory_rss",
                        "pid"
                    ]
                },
                {
                    "pattern": "public.mxres.common.launchermxhibernate.mxres",
                    "measurement": [
                        "cpu_usage",
                        "memory_rss",
                        "pid"
                    ]
                },
                {
                    "pattern": "public.mxres.common.launchermxcontribution.mxres",
                    "measurement": [
                        "cpu_usage",
                        "memory_rss",
                        "pid"
                    ]
                },
                {
                    "pattern": "public.mxres.common.launchermxcache.mxres",
                    "measurement": [
                        "cpu_usage",
                        "memory_rss",
                        "pid"
                    ]
                },
                {
                    "pattern": "public.mxres.common.launchermxmarketdatarepository.mxres",
                    "measurement": [
                        "cpu_usage",
                        "memory_rss",
                        "pid"
                    ]
                },
                {
                    "pattern": "public.mxres.common.launchermxfederation.mxres",
                    "measurement": [
                        "cpu_usage",
                        "memory_rss",
                        "pid"
                    ]
                },
                {
                    "pattern": "public.mxres.common.launcheralert.mxres",
                    "measurement": [
                        "cpu_usage",
                        "memory_rss",
                        "pid"
                    ]
                },
                {
                    "pattern": "public.mxres.common.launcherstatistics.mxres",
                    "measurement": [
                        "cpu_usage",
                        "memory_rss",
                        "pid"
                    ]
                },
                {
                    "pattern": "public.mxres.common.launcherbos.mxres",
                    "measurement": [
                        "cpu_usage",
                        "memory_rss",
                        "pid"
                    ]
                },
                {
                    "pattern": "public.mxres.common.launchergc.mxres",
                    "measurement": [
                        "cpu_usage",
                        "memory_rss",
                        "pid"
                    ]
                },
                {
                    "pattern": "public.mxres.common.launchermxloginimpl.mxres",
                    "measurement": [
                        "cpu_usage",
                        "memory_rss",
                        "pid"
                    ]
                },
                {
                    "pattern": "public.mxres.common.launchermxlogaccess.mxres",
                    "measurement": [
                        "cpu_usage",
                        "memory_rss",
                        "pid"
                    ]
                },
                {
                    "pattern": "public.mxres.common.launchermxmarketrisk",
                    "measurement": [
                        "cpu_usage",
                        "memory_rss",
                        "pid"
                    ]
                }, 
                {
                    "pattern": "public.mxres.common.launcherprintsrv.mxres",
                    "measurement": [
                        "cpu_usage",
                        "memory_rss",
                        "pid"
                    ]
                }, 
                {
                    "pattern": "public.mxres.common.launcheraagent.mxres",
                    "measurement": [
                        "cpu_usage",
                        "memory_rss",
                        "pid"
                    ]
                }, 
                {
                    "pattern": "public.mxres.common.launchermxmlexchangesecondary.mxres",
                    "measurement": [
                        "cpu_usage",
                        "memory_rss",
                        "pid"
                    ]
                },
                {
                    "pattern": "public.mxres.common.launchermxmlexchangespaces.mxres",
                    "measurement": [
                        "cpu_usage",
                        "memory_rss",
                        "pid"
                    ]
                },
                {
                    "pattern": "public.mxres.common.launchermxmlworker.mxres",
                    "measurement": [
                        "cpu_usage",
                        "memory_rss",
                        "pid"
                    ]
                },
                {
                    "pattern": "public.mxres.common.launchermxmlexchangeall.mxres",
                    "measurement": [
                        "cpu_usage",
                        "memory_rss",
                        "pid"
                    ]
                },
                {
                    "pattern": "public.mxres.common.launchermxdispatcher.mxres",
                    "measurement": [
                        "cpu_usage",
                        "memory_rss",
                        "pid"
                    ]
                },
                {
                    "pattern": "public.mxres.common.launchermxactivityfeeders.mxres",
                    "measurement": [
                        "cpu_usage",
                        "memory_rss",
                        "pid"
                    ]
                },
                {
                    "pattern": "public.mxres.common.launcher-rdbms.mxres",
                    "measurement": [
                        "cpu_usage",
                        "memory_rss",
                        "pid"
                    ]
                },
                {
                    "pattern": "public.mxres.common.launchermxlock.mxres",
                    "measurement": [
                        "cpu_usage",
                        "memory_rss",
                        "pid"
                    ]
                },
                {
                    "pattern": "public.mxres.common.launchermxobjectrepository.mxres",
                    "measurement": [
                        "cpu_usage",
                        "memory_rss",
                        "pid"
                    ]
                },
                {
                    "pattern": "public.mxres.common.launchermxprocessing.mxres",
                    "measurement": [
                        "cpu_usage",
                        "memory_rss",
                        "pid"
                    ]
                },
                {
                    "pattern": "public.mxres.common.launchermxdealscanner.mxres",
                    "measurement": [
                        "cpu_usage",
                        "memory_rss",
                        "pid"
                    ]
                },
                {
                    "pattern": "public.mxres.common.launchermxdatapublisher.mxres",
                    "measurement": [
                        "cpu_usage",
                        "memory_rss",
                        "pid"
                    ]
                },
                {
                    "pattern": "public.mxres.common.launchermxsqluserauthorizedlists.mxres",
                    "measurement": [
                        "cpu_usage",
                        "memory_rss",
                        "pid"
                    ]
                },
                {
                    "pattern": "public.mxres.common.launchermxentitlement.mxres",
                    "measurement": [
                        "cpu_usage",
                        "memory_rss",
                        "pid"
                    ]
                },
                {
                    "pattern": "public.mxres.common.launcherreportsrv.mxres",
                    "measurement": [
                        "cpu_usage",
                        "memory_rss",
                        "pid"
                    ]
                },
                {
                    "pattern": "public.mxres.common.launchermxdistribution.mxres",
                    "measurement": [
                        "cpu_usage",
                        "memory_rss",
                        "pid"
                    ]
                },
                {
                    "pattern": "public.mxres.common.launcherhss.mxres",
                    "measurement": [
                        "cpu_usage",
                        "memory_rss",
                        "pid"
                    ]
                },
                {
                    "pattern": "public.mxres.common.launchermxfinparser.mxres",
                    "measurement": [
                        "cpu_usage",
                        "memory_rss",
                        "pid"
                    ]
                },
                {
                    "pattern": "public.mxres.common.launcherireporting.mxres",
                    "measurement": [
                        "cpu_usage",
                        "memory_rss",
                        "pid"
                    ]
                },
                {
                    "pattern": "public.mxres.common.launchermxdispatcher.mxres",
                    "measurement": [
                        "cpu_usage",
                        "memory_rss",
                        "pid"
                    ]
                },
                {
                    "pattern": "public.mxres.common.launchermxmlc.mxres",
                    "measurement": [
                        "cpu_usage",
                        "memory_rss",
                        "pid"
                    ]
                },
                {
                    "pattern": "public.mxres.common.launchermxlrb.mxres",
                    "measurement": [
                        "cpu_usage",
                        "memory_rss",
                        "pid"
                    ]
                },
                {
                    "pattern": "public.mxres.common.launcherltsservice.mxres",
                    "measurement": [
                        "cpu_usage",
                        "memory_rss",
                        "pid"
                    ]
                },
                {
                    "pattern": "public.mxres.mxmlc.loggers.service_logger.mxres",
                    "measurement": [
                        "cpu_usage",
                        "memory_rss",
                        "pid"
                    ]
                },
                {
                    "pattern": "public.mxres.common.launchermxmarketrisk_engine_mx.mxres",
                    "measurement": [
                        "cpu_usage",
                        "memory_rss",
                        "pid"
                    ]
                }
            ]
        }
    }
}